Ticker,CompanyName,Exchange,Currency,Sector,Country
TEH,Prime Media PLC,FWB,USD,Consumer,NL
CWWFV,Prime Capital PLC,TASE,USD,Consumer,UK
BBYX,Prime Logistics Inc,LSE,ILS,Consumer,DE
POSSK,Nimbus Brands Ltd,TASE,GBP,Telecom,UK
mknxr,Nimbus Logistics Ltd,TASE,GBP,Consumer,UK
ZTSC,Alpha Brands PLC,NYSE,USD,Energy,NL
CSEG,Omega Pharma Corp,LSE,USD,Telecom,DE
OEJ,Beta AI PLC,LSE,USD,Energy,FR
RKTA,Apex Systems PLC,LSE,ILS,Telecom,FR
WRL,Quantum Pharma AG,TASE,USD,Utilities,UK
OOCZ,Quantum AI AG,FWB,GBP,Healthcare,DE
AITDJ,Nimbus Logistics Corp,LSE,USD,Technology,DE
SYQ,Prime Quantum Inc,TASE,USD,Consumer,NL
BTSV,Apex Systems Ltd,NYSE,USD,Utilities,IL
FDD,Nimbus Capital AG,FWB,USD,Healthcare,FR
TFNN,Nimbus Quantum Inc,NYSE,GBP,Technology,NL
IUGA,Gamma Systems Inc,FWB,EUR,Industrial,US
GNN,Delta Energy Inc,TASE,ILS,Financials,FR
DMBKK,Gamma Systems PLC,NASDAQ,ILS,Energy,NL
PQAYV,Vertex Logistics Ltd,FWB,GBP,Industrial,FR
GZUXF,Nimbus Capital Corp,NYSE,USD,Telecom,IL
QLRI,Prime Logistics PLC,TASE,USD,Technology,US
IMD,Quantum AI PLC,FWB,USD,Industrial,IL
ZIKTN,Vertex Capital Ltd,NASDAQ,GBP,Financials,US
ELSO,Omega Capital PLC,NASDAQ,ILS,Utilities,UK
JFG,Apex Media Corp,LSE,USD,Technology,NL
GBP,Alpha Systems Inc,LSE,ILS,Industrial,US
XPMCJ,Quantum Capital PLC,NYSE,USD,Energy,IL
XYKK,Prime AI Corp,FWB,ILS,Energy,FR
CES,Quantum Logistics Ltd,FWB,ILS,Healthcare,US
FNLLW,Prime Media Ltd,LSE,EUR,Industrial,NL
TARPY,Gamma Pharma Corp,FWB,EUR,Consumer,US
NLZBM,Alpha Brands AG,FWB,EUR,Industrial,DE
OJLHF,Alpha Energy PLC,NASDAQ,ILS,Utilities,FR
BMNSU,Vertex Energy PLC,LSE,GBP,Technology,NL
JHDE,Quantum Quantum Ltd,TASE,ILS,Technology,NL
QLRX,Vertex AI Inc,LSE,GBP,Utilities,UK
BTQGT,Nimbus Pharma AG,TASE,GBP,Industrial,IL
BSU,Vertex Systems Corp,NASDAQ,EUR,Utilities,UK
IGRIG,Alpha Media Corp,NYSE,USD,Financials,NL
KCIRN,Delta Logistics Inc,FWB,USD,Telecom,FR
BFG,Delta Energy Inc,NASDAQ,EUR,Utilities,US
WOO,Quantum Energy AG,FWB,EUR,Energy,US
AFD,Beta Media Inc,NYSE,USD,Utilities,FR
WID,Delta Brands Corp,NYSE,USD,Technology,NL
GJQJR,Apex Quantum Ltd,NASDAQ,ILS,Energy,US
IFZBF,Gamma Quantum PLC,NYSE,ILS,Technology,US
AXM,Delta Brands Inc,TASE,EUR,Healthcare,US
QPC,Nimbus Systems Corp,NYSE,USD,Consumer,IL
ZMMY,Omega Quantum Corp,FWB,EUR,Technology,IL
JURY,Gamma Systems AG,FWB,GBP,Energy,DE
AKML,Omega Quantum AG,FWB,EUR,Healthcare,UK
RJOI,Vertex Pharma PLC,FWB,EUR,Technology,FR
KFNI,Prime Tech AG,TASE,ILS,Financials,FR
ZMGPF,Gamma Capital PLC,LSE,ILS,Utilities,FR
QWPSB,Gamma Systems PLC,NASDAQ,ILS,Consumer,DE
AOJU,Prime Media PLC,FWB,GBP,Technology,IL
SEHZP,Nimbus Energy Ltd,NYSE,ILS,Healthcare,NL
WKQEY,Prime Media Inc,FWB,USD,Financials,NL
HPZMD,Beta Logistics Corp,NYSE,USD,Industrial,DE
USFP,Omega Systems Ltd,NYSE,USD,Healthcare,NL
PYO,Quantum Systems Corp,FWB,USD,Utilities,FR
PJAWE,Alpha Pharma Ltd,TASE,ILS,Healthcare,UK
YBU,Apex Pharma Corp,NYSE,USD,Financials,US
YFA,Prime Brands Ltd,NYSE,USD,Healthcare,IL
AWBKJ,Delta Media AG,FWB,USD,Financials,IL
XUWX,Apex Energy AG,NYSE,GBP,Technology,DE
MITJY,Vertex Quantum PLC,NYSE,ILS,Telecom,IL
NOT,Nimbus Media AG,FWB,USD,Financials,FR
AJLY,Alpha Tech Inc,FWB,GBP,Financials,NL
VUFA,Quantum Tech Inc,NASDAQ,EUR,Consumer,FR
MFOYS,Gamma Media Ltd,TASE,EUR,Financials,DE
JTON,Alpha Logistics PLC,TASE,GBP,Financials,FR
PVAU,Gamma Energy PLC,NYSE,GBP,Industrial,NL
RJK,Omega Pharma AG,TASE,ILS,Telecom,UK
BLHH,Omega Pharma AG,NYSE,ILS,Technology,DE
SYZXC,Gamma Tech Ltd,NASDAQ,EUR,Utilities,UK
PZVHJ,Omega Brands Ltd,FWB,USD,Consumer,US
LCRVI,Beta Pharma Inc,FWB,EUR,Industrial,UK
YBY,Delta Media Inc,FWB,USD,Energy,US
PSBT,Gamma Quantum PLC,TASE,USD,Telecom,US
AHTX,Vertex Media Inc,NASDAQ,ILS,Technology,UK
YHSK,Alpha Systems Inc,TASE,USD,Technology,DE
RONV,Prime Capital Ltd,TASE,USD,Energy,NL
UIKD,Beta Brands Ltd,NASDAQ,GBP,Utilities,FR
XVB,Beta Pharma Inc,NASDAQ,ILS,Financials,FR
OPUVG,Apex Systems AG,NASDAQ,USD,Industrial,NL
GBA,Gamma Logistics PLC,NASDAQ,USD,Healthcare,US
FVOPV,Gamma Pharma Corp,FWB,USD,Consumer,US
ITY,Nimbus Tech Corp,LSE,USD,Healthcare,DE
UFUF,Gamma Media AG,LSE,USD,Energy,IL
RTYK,Delta Capital Ltd,NASDAQ,USD,Technology,UK
GCLLZ,Nimbus Media PLC,LSE,ILS,Utilities,US
QGJ,Beta Pharma PLC,LSE,EUR,Technology,FR
GLHTL,Beta Quantum Ltd,NASDAQ,USD,Consumer,DE
KUL,Apex Logistics AG,LSE,ILS,Technology,UK
NXVG,Gamma Brands AG,TASE,ILS,Technology,DE
DRAY,Beta Brands Corp,NYSE,ILS,Consumer,UK
HSSU,Nimbus Quantum Corp,NYSE,ILS,Industrial,UK
RNQ,Omega Tech AG,NASDAQ,ILS,Industrial,NL
MBTTD,Delta AI Corp,FWB,GBP,Consumer,US
ZJSXT,Vertex Brands Ltd,NASDAQ,USD,Utilities,DE
KDIJV,Omega Tech PLC,FWB,ILS,Energy,DE
VOYZR,Quantum Logistics Inc,NYSE,USD,Telecom,NL
YIJUV,Delta Media Corp,NASDAQ,GBP,Technology,FR
MURH,Beta AI Inc,TASE,GBP,Utilities,FR
LVQP,Apex Systems PLC,LSE,USD,Technology,US
ENGF,Prime Quantum Ltd,FWB,USD,Telecom,US
LEWLT,Apex AI PLC,LSE,EUR,Energy,IL
QGXD,Quantum Pharma Inc,LSE,USD,Industrial,NL
WTAOP,Nimbus Pharma Inc,NASDAQ,USD,Utilities,FR
IRRD,Omega Brands Inc,LSE,USD,Financials,UK
ZHWU,Alpha Logistics Corp,TASE,ILS,Financials,DE
UGFOQ,Omega AI Ltd,LSE,GBP,Telecom,US
NIEX,Prime Logistics Inc,NASDAQ,USD,Financials,DE
FITJ,Vertex AI Corp,TASE,GBP,Industrial,DE
MCKL,Gamma Energy Inc,NYSE,USD,Telecom,IL
UWVG,Omega Pharma Corp,LSE,EUR,Industrial,FR
GGD,Delta Capital Corp,NASDAQ,USD,Energy,US
WMF,Apex Logistics Corp,NYSE,USD,Technology,DE
XMDWL,Beta Energy Ltd,NYSE,ILS,Energy,US
PSNV,Delta Tech PLC,FWB,EUR,Energy,UK
IIZ,Beta Logistics Inc,TASE,USD,Industrial,IL
YAV,Quantum Quantum Corp,LSE,USD,Telecom,UK
NBGWL,Alpha Energy PLC,NASDAQ,EUR,Telecom,US
SOHH,Beta Tech PLC,FWB,EUR,Financials,US
OANHZ,Alpha Capital Ltd,TASE,USD,Healthcare,FR
KQV,Apex AI Corp,FWB,EUR,Technology,DE
PVRH,Omega Capital AG,TASE,USD,Industrial,DE
JRZ,Gamma Energy Inc,TASE,USD,Financials,UK
UJLJN,Alpha Systems Ltd,LSE,ILS,Utilities,IL
FKIJS,Omega AI Inc,TASE,USD,Healthcare,NL
THP,Omega Quantum Inc,FWB,USD,Healthcare,DE
IULZ,Quantum Media Corp,TASE,GBP,Industrial,FR
SXRVQ,Apex Tech Ltd,LSE,USD,Consumer,UK
JDF,Nimbus Capital AG,LSE,USD,Technology,UK
DGFQX,Gamma Energy Inc,FWB,USD,Healthcare,NL
CIM,Nimbus Pharma PLC,NYSE,ILS,Industrial,FR
RFF,Vertex Tech Inc,NYSE,USD,Industrial,IL
DZI,Alpha Brands Inc,TASE,ILS,Financials,FR
YNZO,Quantum Systems Ltd,NASDAQ,USD,Utilities,IL
RDCQB,Gamma Capital Inc,TASE,ILS,Consumer,FR
ATE,Vertex Logistics PLC,FWB,ILS,Technology,FR
XCKAF,Apex Brands Ltd,FWB,GBP,Telecom,US
RFC,Apex Energy Inc,FWB,ILS,Energy,UK
UFU,Nimbus Systems Inc,FWB,EUR,Utilities,FR
JAJTW,Vertex Tech PLC,FWB,GBP,Utilities,NL
ETUOT,Delta AI Inc,LSE,ILS,Financials,FR
LEE,Prime Pharma Ltd,NYSE,USD,Telecom,DE
NTVB,Omega Energy AG,FWB,EUR,Healthcare,UK
LXO,Beta AI Ltd,NASDAQ,EUR,Healthcare,DE
CYLG,Alpha Systems PLC,NASDAQ,EUR,Financials,UK
ROJT,Omega Quantum AG,NASDAQ,GBP,Industrial,DE
SUB,Nimbus Brands Ltd,NASDAQ,ILS,Healthcare,FR
JRRO,Apex Quantum Ltd,LSE,ILS,Consumer,FR
HZOM,Delta AI PLC,NASDAQ,USD,Technology,US
DFPC,Gamma Tech Ltd,FWB,USD,Utilities,NL
HHIOD,Alpha Brands Corp,TASE,EUR,Utilities,DE
TIHE,Apex Tech AG,NASDAQ,USD,Consumer,IL
HZRHO,Alpha Logistics AG,LSE,GBP,Telecom,US
FPIS,Beta Brands Corp,LSE,ILS,Healthcare,DE
ZBNNZ,Delta Logistics Ltd,NASDAQ,EUR,Utilities,DE
FJB,Alpha Capital AG,TASE,USD,Energy,US
ZYNVB,Beta Tech PLC,NASDAQ,GBP,Telecom,FR
GCAO,Vertex Logistics AG,LSE,GBP,Technology,DE
OYIT,Quantum Pharma Corp,NYSE,USD,Technology,FR
TZC,Beta AI PLC,FWB,ILS,Utilities,US
fblso,Prime Pharma Corp,LSE,USD,Financials,FR
GTYH,Nimbus Tech Ltd,NASDAQ,EUR,Telecom,UK
IUNJ,Gamma Brands AG,FWB,USD,Utilities,IL
HLT,Omega Systems Ltd,NASDAQ,GBP,Financials,DE
NXJSV,Apex Systems Ltd,NASDAQ,USD,Utilities,NL
IMG,Omega Brands Inc,NYSE,ILS,Energy,IL
FET,Delta Capital Corp,FWB,USD,Telecom,FR
WWJE,Beta Capital Inc,FWB,USD,Industrial,DE
BIBMX,Gamma Media Ltd,NYSE,ILS,Technology,FR
RZPY,Apex Logistics Inc,LSE,ILS,Utilities,UK
FBYB,Vertex Systems PLC,NASDAQ,GBP,Energy,US
JKBBO,Quantum Energy Ltd,TASE,ILS,Financials,DE
JLV,Omega Pharma Inc,NASDAQ,ILS,Financials,UK
GEL,Gamma Energy Corp,NASDAQ,ILS,Technology,UK
WDZKD,Alpha Brands AG,LSE,ILS,Consumer,DE
OUJ,Gamma Pharma PLC,NASDAQ,EUR,Utilities,FR
KOG,Apex Logistics Corp,NYSE,EUR,Telecom,NL
IVNSH,Alpha Energy AG,NYSE,GBP,Healthcare,UK
BWJZ,Gamma Tech Ltd,FWB,USD,Financials,IL
ECNQI,Quantum AI Corp,TASE,ILS,Telecom,UK
KUYA,Delta Pharma Ltd,NASDAQ,USD,Telecom,NL
NRVIA,Beta Capital Inc,NASDAQ,USD,Industrial,FR
RMAH,Alpha Tech PLC,LSE,GBP,Telecom,FR
RXQH,Gamma Brands Ltd,NYSE,ILS,Telecom,IL
PNM,Apex Pharma Corp,TASE,ILS,Industrial,UK
HED,Nimbus Energy Inc,FWB,USD,Financials,FR
YTBXO,Alpha Pharma PLC,NYSE,USD,Telecom,NL
USOZ,Quantum Capital Inc,FWB,USD,Consumer,DE
AFUX,Apex Pharma Inc,LSE,EUR,Consumer,US
YADL,Quantum Tech PLC,LSE,USD,Energy,US
TNCQV,Nimbus Logistics Ltd,NASDAQ,EUR,Industrial,US
SXB,Quantum Tech Ltd,TASE,EUR,Energy,UK
LMHK,Prime Capital AG,FWB,EUR,Industrial,IL
THX,Delta Capital AG,NYSE,GBP,Utilities,FR
BVCC,Omega Media PLC,LSE,GBP,Utilities,DE
SMGRA,Alpha Quantum Corp,NASDAQ,EUR,Telecom,NL
BHZY,Nimbus Brands AG,NASDAQ,USD,Healthcare,DE
NMCB,Quantum Logistics Corp,FWB,USD,Utilities,NL
EYU,Quantum Tech Inc,LSE,USD,Healthcare,UK
UCFR,Omega Logistics PLC,TASE,ILS,Utilities,US
IDD,Prime Brands Corp,LSE,GBP,Technology,UK
AJDX,Delta AI Inc,FWB,USD,Utilities,IL
JTOUV,Prime Systems Ltd,FWB,USD,Energy,IL
PNKI,Vertex Media AG,LSE,ILS,Financials,NL
QGC,Nimbus AI AG,FWB,ILS,Telecom,FR
HKNX,Prime Energy PLC,LSE,EUR,Energy,FR
EYCEP,Alpha Systems Corp,NYSE,GBP,Financials,NL
MVXJK,Delta Tech AG,LSE,GBP,Consumer,IL
CFQZ,Alpha Media Corp,LSE,USD,Energy,IL
XEW,Apex Quantum PLC,FWB,EUR,Consumer,IL
BWBA,Gamma Pharma PLC,FWB,EUR,Healthcare,UK
QZIZI,Delta Energy Corp,NASDAQ,EUR,Healthcare,IL
USVXZ,Alpha Brands Corp,NASDAQ,EUR,Technology,DE
URQYJ,Prime Systems PLC,NYSE,GBP,Utilities,US
NGDLP,Gamma Brands Corp,NASDAQ,GBP,Energy,IL
FLAI,Apex Systems Corp,LSE,EUR,Consumer,NL
HYQTC,Alpha Systems Corp,FWB,USD,Financials,US
ITMNM,Nimbus Capital Corp,NASDAQ,USD,Healthcare,UK
VKB,Delta Media Corp,NASDAQ,USD,Utilities,NL
SNZBL,Omega Capital Ltd,NYSE,USD,Healthcare,US
NWWHU,Alpha Pharma Inc,NYSE,EUR,Financials,NL
BHICN,Delta Quantum PLC,LSE,GBP,Utilities,UK
XEAK,Alpha AI Ltd,FWB,USD,Utilities,DE
PFCH,Alpha Systems Corp,NYSE,ILS,Consumer,UK
ZUQD,Delta Capital AG,NASDAQ,ILS,Consumer,UK
OGJGR,Gamma Systems Inc,FWB,USD,Energy,NL
TNT,Alpha Capital Corp,FWB,EUR,Energy,FR
QRS,Gamma Pharma Corp,NASDAQ,USD,Industrial,IL
LSCOB,Apex Pharma AG,NYSE,EUR,Telecom,IL
KEJT,Prime Quantum Inc,NASDAQ,USD,Industrial,DE
IDX,Apex Energy AG,FWB,USD,Technology,DE
QYXRA,Gamma Capital Ltd,TASE,USD,Healthcare,IL
ANLR,Quantum Systems PLC,TASE,ILS,Energy,FR
MAQUS,Vertex Quantum AG,LSE,EUR,Consumer,IL
VQU,Delta Quantum PLC,NASDAQ,ILS,Financials,FR
RDHG,Prime Energy AG,NASDAQ,EUR,Consumer,DE
SFQ,Gamma Capital Inc,LSE,ILS,Healthcare,US
QPESE,Nimbus Logistics Corp,LSE,GBP,Industrial,NL
ZGJ,Alpha Capital Corp,LSE,GBP,Consumer,DE
mslhs,Apex Quantum PLC,FWB,GBP,Telecom,DE
MQH,Nimbus Pharma Ltd,NASDAQ,GBP,Technology,UK
LBGDH,Gamma Systems Inc,FWB,USD,Healthcare,UK
aqhw,Delta Systems AG,LSE,GBP,Industrial,UK
NEJHK,,NASDAQ,USD,Telecom,NL
AKOAQ,Quantum Tech AG,FWB,USD,Financials,UK
QVSL,Delta Brands Inc,FWB,USD,Industrial,FR
EMWB,Apex Energy Inc,LSE,GBP,Utilities,IL
AWOK,Alpha Tech Ltd,NASDAQ,GBP,Telecom,US
HOO,Quantum Logistics PLC,LSE,GBP,Telecom,DE
XFNEW,Prime Media Ltd,NASDAQ,ILS,Technology,FR
IQUI,Apex AI Ltd,TASE,EUR,Healthcare,US
QEZLX,Beta Media Corp,NYSE,ILS,Financials,FR
LSI,Delta Capital Ltd,NYSE,EUR,Technology,FR
ELK,Beta Tech AG,NYSE,GBP,Industrial,DE
PAG,Alpha Systems AG,LSE,GBP,Technology,IL
UGD,Beta Pharma AG,TASE,ILS,Telecom,UK
ITQ,Gamma Logistics PLC,NASDAQ,ILS,Healthcare,NL
LJPL,Beta AI Inc,FWB,EUR,Energy,IL
MUSKV,Apex Quantum Corp,NASDAQ,USD,Technology,NL
BQQBS,Quantum Tech Ltd,FWB,EUR,Utilities,DE
LRJLC,Gamma Quantum Ltd,NASDAQ,ILS,Technology,DE
UAOYK,Gamma Tech Inc,TASE,ILS,Industrial,DE
SPZRA,Apex Brands PLC,FWB,USD,Industrial,US
NOI,Prime AI Corp,LSE,ILS,Financials,NL
UZW,Omega Energy AG,NASDAQ,USD,Industrial,IL
WIS,Delta Pharma Inc,NASDAQ,USD,Consumer,IL
BSAI,Prime Quantum Corp,FWB,EUR,Healthcare,FR
HZZ,Quantum Capital Inc,LSE,EUR,Healthcare,FR
VRZ,Apex Tech Ltd,LSE,USD,Energy,FR
wvaw,Beta Energy Corp,TASE,EUR,Energy,DE
YZMHJ,Quantum Brands Inc,LSE,ILS,Healthcare,IL
HUMGL,Alpha Brands PLC,LSE,GBP,Utilities,NL
LCSL,Omega Pharma Ltd,LSE,USD,Energy,DE
LDV,Beta Energy Ltd,NYSE,EUR,Financials,US
QQM,Quantum Media AG,TASE,USD,Industrial,FR
NFOR,Beta AI Ltd,NASDAQ,USD,Healthcare,DE
AOC,Gamma Systems Ltd,FWB,GBP,Telecom,DE
CWPU,Apex Capital Ltd,NASDAQ,ILS,Energy,US
EYERS,Alpha Energy Ltd,TASE,USD,Healthcare,UK
ZQME,Quantum Energy PLC,FWB,EUR,Consumer,IL
RFJMR,Omega Quantum Inc,TASE,USD,Technology,NL
LHAUQ,Gamma Pharma Inc,LSE,USD,Industrial,UK
ZUUP,Apex AI Ltd,FWB,USD,Healthcare,FR
ONCC,Nimbus Brands Corp,LSE,GBP,Technology,DE
DTBYQ,Alpha Logistics Corp,NASDAQ,ILS,Energy,US
HLSEL,Prime AI Ltd,NASDAQ,USD,Technology,US
ROBIQ,Nimbus Brands Ltd,FWB,EUR,Industrial,IL
LNURY,Omega Pharma Ltd,FWB,USD,Healthcare,UK
KOGMS,Alpha AI Corp,TASE,EUR,Consumer,IL
ETWH,Vertex Quantum Corp,TASE,ILS,Utilities,DE
JJH,Gamma Pharma Ltd,LSE,EUR,Energy,IL
UZXTV,Gamma Capital PLC,FWB,GBP,Healthcare,NL
HYRF,Delta Capital Inc,NASDAQ,GBP,Industrial,US
IYBWC,Prime Pharma Ltd,TASE,GBP,Energy,US
DTP,Delta Capital Corp,TASE,GBP,Financials,FR
JYUH,Omega Systems Inc,NASDAQ,USD,Technology,FR
VCX,Beta Logistics Corp,TASE,ILS,Utilities,DE
PTCVZ,Prime AI AG,LSE,EUR,Industrial,NL
BVB,Omega AI Ltd,FWB,EUR,Financials,UK
CTG,Alpha Quantum Corp,NASDAQ,GBP,Telecom,IL
FFBQF,Vertex Logistics Inc,FWB,GBP,Healthcare,DE
VQPD,Prime Capital PLC,TASE,USD,Consumer,FR
QUBR,Nimbus Quantum Corp,TASE,ILS,Energy,IL
BWX,Beta Pharma Corp,NASDAQ,USD,Technology,FR
TSK,Beta Energy Corp,LSE,EUR,Energy,IL
EKJCY,Apex Logistics AG,NYSE,USD,Utilities,UK
XFXRO,Prime Media Corp,NASDAQ,USD,Healthcare,DE
MKO,Nimbus Media Inc,NYSE,EUR,Energy,IL
FDNTE,Gamma Energy Ltd,NYSE,USD,Technology,NL
TPAF,Gamma Quantum Corp,LSE,USD,Healthcare,US
TIBOV,Prime Tech Ltd,NYSE,USD,Energy,NL
XKFZ,Apex Brands Inc,NYSE,ILS,Consumer,NL
GERAA,Quantum Energy AG,LSE,USD,Industrial,US
VMN,Alpha Systems AG,NYSE,USD,Healthcare,NL
ZMKI,Omega Energy Ltd,NYSE,USD,Industrial,IL
ZGOJ,Beta Brands PLC,NYSE,EUR,Telecom,IL
EBA,Omega Media AG,NASDAQ,GBP,Healthcare,IL
AZSVP,Omega Logistics Corp,NASDAQ,USD,Consumer,US
PWETB,Beta Brands Ltd,NASDAQ,ILS,Industrial,NL
JGH,Delta Logistics Ltd,LSE,EUR,Financials,US
OTEN,Vertex Systems Inc,TASE,USD,Technology,IL
YWG,Vertex Capital Inc,NYSE,EUR,Financials,NL
RBQI,Omega AI Ltd,NYSE,USD,Energy,NL
REK,Gamma AI Corp,LSE,USD,Consumer,FR
FZETA,Alpha Capital PLC,NYSE,GBP,Financials,FR
QIZZ,Delta Tech PLC,NASDAQ,EUR,Healthcare,UK
MFZI,Alpha Media Inc,TASE,USD,Energy,DE
ZQKZJ,Apex Brands AG,FWB,ILS,Energy,FR
ZDZW,Apex Media Corp,NYSE,USD,Financials,US
cqoac,Prime Pharma Inc,NASDAQ,EUR,Telecom,FR
TTH,Delta Systems Ltd,FWB,EUR,Financials,UK
IZQLN,Nimbus Media PLC,TASE,GBP,Telecom,NL
QVBU,Quantum Quantum Corp,FWB,GBP,Consumer,UK
FRWQW,Apex Systems PLC,NASDAQ,ILS,Technology,NL
YTR,Omega Pharma AG,FWB,ILS,Financials,NL
LDXCH,Alpha Logistics Inc,LSE,USD,Utilities,DE
RKUX,Gamma Quantum PLC,FWB,USD,Telecom,FR
YCYR,Delta Brands PLC,NYSE,ILS,Financials,US
QXMO,Omega Logistics Corp,NYSE,ILS,Industrial,US
JBM,Alpha Tech Ltd,LSE,USD,Healthcare,IL
PBBUP,Gamma Capital Corp,NASDAQ,GBP,Utilities,NL
NCRE,Alpha Brands AG,NYSE,USD,Utilities,US
QZIUC,Nimbus Energy AG,TASE,GBP,Telecom,DE
JYS,Prime Logistics AG,NYSE,GBP,Industrial,NL
MZI,Quantum Energy PLC,NYSE,ILS,Industrial,DE
ADWZ,Quantum Energy Corp,NASDAQ,USD,Energy,US
GGOC,Nimbus Logistics Corp,FWB,EUR,Telecom,US
KREEP,Beta Tech Corp,NYSE,USD,Technology,IL
AQO,Apex AI Corp,LSE,USD,Healthcare,US
CPIKH,Nimbus Energy AG,FWB,GBP,Consumer,NL
BUJ,Beta Media Inc,TASE,USD,Utilities,NL
NTUX,Apex Energy AG,NASDAQ,USD,Consumer,NL
MYA,Omega Energy AG,TASE,GBP,Financials,IL
WLW,Delta Capital Corp,FWB,USD,Financials,IL
AJOLB,Delta Tech Corp,FWB,EUR,Consumer,US
VTRPU,Prime Systems PLC,FWB,GBP,Financials,UK
DYD,Alpha Media AG,TASE,EUR,Technology,UK
UUE,Omega Logistics Ltd,FWB,GBP,Industrial,IL
GMYHH,Prime Tech Corp,TASE,ILS,Financials,US
SLRY,Nimbus Brands AG,FWB,USD,Energy,UK
GZJA,Delta AI Ltd,LSE,ILS,Financials,US
SSNOZ,Apex AI AG,FWB,EUR,Healthcare,US
PJUHG,Gamma AI PLC,TASE,USD,Technology,US
UIHUJ,Omega Pharma Ltd,NYSE,GBP,Healthcare,FR
QWO,Gamma Energy Corp,FWB,USD,Healthcare,NL
NIACK,Gamma Systems Inc,NYSE,USD,Energy,US
NSL,Delta Systems PLC,LSE,USD,Technology,FR
KKHDK,Omega Logistics AG,NASDAQ,USD,Technology,IL
XEPQ,Apex Energy Corp,LSE,USD,Telecom,UK
BADQB,Omega Media Inc,FWB,USD,Technology,NL
PUFCF,Quantum Tech Corp,NYSE,EUR,Technology,UK
EMF,Nimbus Quantum Inc,NYSE,ILS,Technology,NL
KZXVY,Quantum Brands Corp,TASE,GBP,Energy,UK
NGXB,Beta Logistics Corp,NYSE,USD,Financials,NL
REWAF,Omega Logistics Inc,TASE,ILS,Telecom,UK
HRYDD,Gamma Capital PLC,NASDAQ,GBP,Healthcare,UK
XREL,Apex Logistics Corp,FWB,GBP,Technology,UK
ORWR,Quantum Capital AG,TASE,USD,Utilities,UK
VHFUP,Gamma Pharma Ltd,NASDAQ,EUR,Financials,IL
BYWX,Apex Capital AG,NYSE,EUR,Financials,US
CQBSZ,Alpha Tech Ltd,NYSE,ILS,Healthcare,DE
DTOT,Omega Brands PLC,NASDAQ,EUR,Energy,FR
RKVOC,Nimbus Capital Ltd,NYSE,USD,Consumer,DE
PQK,Beta Capital Corp,NASDAQ,EUR,Consumer,DE
FUBQ,Prime Logistics Ltd,TASE,ILS,Financials,NL
PLUGD,Prime Media Ltd,TASE,EUR,Industrial,US
KVK,Alpha Tech Corp,NASDAQ,USD,Industrial,NL
HJD,Delta Systems Inc,TASE,USD,Healthcare,US
HQPT,Apex AI PLC,TASE,ILS,Consumer,US
FIWZH,Alpha Tech PLC,TASE,USD,Financials,UK
NQQXU,Delta Systems AG,LSE,USD,Energy,IL
ltgw,Gamma Pharma Ltd,FWB,USD,Consumer,UK
NDFD,Vertex Quantum AG,NYSE,GBP,Financials,IL
ZNK,Gamma Pharma Inc,LSE,GBP,Financials,NL
LBDKO,Omega Energy Ltd,TASE,USD,Technology,IL
LKM,Vertex Quantum Corp,NASDAQ,ILS,Energy,NL
IHYA,Apex Logistics PLC,TASE,USD,Technology,DE
EZEH,Apex Media AG,FWB,USD,Healthcare,DE
ZIQU,Delta Capital Ltd,TASE,EUR,Technology,IL
QIJWM,Alpha Brands PLC,NASDAQ,ILS,Utilities,IL
HRM,Gamma Brands Inc,FWB,GBP,Technology,NL
WBG,Nimbus AI PLC,TASE,USD,Utilities,UK
LPNIP,Beta Systems Inc,FWB,EUR,Consumer,NL
CROZ,Prime Energy Corp,NYSE,USD,Industrial,UK
VTZ,Nimbus Tech Corp,NYSE,GBP,Telecom,DE
ZVW,Alpha Pharma Inc,TASE,GBP,Telecom,US
IYFI,Alpha Pharma Ltd,FWB,USD,Financials,IL
ISI,Quantum Logistics Inc,NASDAQ,USD,Telecom,UK
MTWDE,Vertex Energy Ltd,TASE,ILS,Utilities,NL
QKP,Gamma Brands Inc,NYSE,GBP,Energy,DE
JVWF,Omega Logistics Inc,NYSE,USD,Technology,UK
CTGDC,Vertex Energy Corp,TASE,ILS,Utilities,NL
ZHZR,Nimbus Capital Ltd,FWB,USD,Energy,IL
QBZ,Beta AI Corp,NYSE,GBP,Industrial,IL
QSC,Beta Energy Inc,FWB,ILS,Telecom,FR
SHAYC,Beta Media PLC,NYSE,ILS,Industrial,US
RDXN,Nimbus Brands AG,NYSE,ILS,Telecom,FR
BZP,Vertex Brands AG,LSE,GBP,Technology,DE
GMC,Prime Energy PLC,NYSE,GBP,Healthcare,UK
JDBYO,Alpha AI Ltd,NASDAQ,EUR,Technology,DE
RDVYC,Delta Media AG,TASE,USD,Consumer,NL
LKLY,Delta Tech Inc,TASE,USD,Utilities,IL
DBY,Beta Pharma Corp,FWB,ILS,Financials,FR
MLFM,Quantum Capital Inc,NYSE,EUR,Healthcare,FR
GDF,Vertex Pharma Inc,NASDAQ,USD,Technology,FR
LVV,Omega Brands Ltd,FWB,EUR,Energy,DE
GSHRU,Omega Energy Ltd,LSE,GBP,Healthcare,IL
WASRN,Alpha Pharma PLC,FWB,ILS,Utilities,UK
QHKZE,Alpha Energy AG,FWB,USD,Telecom,NL
KBJZN,Apex Logistics Inc,NYSE,USD,Healthcare,UK
IRKXL,Beta Tech Inc,LSE,USD,Telecom,DE
RRJ,Gamma Capital AG,FWB,USD,Utilities,NL
LOTU,Apex Media Corp,NASDAQ,USD,Technology,FR
KHFTC,Omega Pharma AG,NASDAQ,EUR,Utilities,US
DGNK,Apex Capital Inc,TASE,ILS,Healthcare,DE
ESMX,Prime Logistics Ltd,LSE,GBP,Energy,DE
DJRTW,Omega Logistics Ltd,LSE,GBP,Industrial,IL
AWOX,Prime Capital Inc,TASE,GBP,Healthcare,UK
HKDYH,Gamma Tech PLC,FWB,GBP,Utilities,DE
auitq,Beta Logistics Corp,LSE,EUR,Industrial,DE
ZGW,Quantum Quantum Ltd,NASDAQ,USD,Utilities,FR
KUI,Gamma Quantum Ltd,NASDAQ,ILS,Energy,FR
WKYOP,Apex Quantum Inc,NYSE,USD,Utilities,NL
WEG,Gamma Media Ltd,LSE,USD,Technology,US
KBXO,Beta Logistics Ltd,FWB,GBP,Financials,IL
REZ,Alpha Pharma AG,TASE,USD,Telecom,US
QOIZN,Apex Tech Corp,TASE,ILS,Telecom,NL
ESQ,Nimbus Quantum PLC,FWB,USD,Healthcare,FR
XVGQO,Apex AI Corp,NYSE,USD,Financials,UK
RJBRI,Nimbus Pharma Ltd,TASE,ILS,Utilities,FR
ANJ,Delta Media AG,LSE,ILS,Energy,IL
BQXZT,Prime Capital Corp,NYSE,GBP,Healthcare,FR
VYUH,Nimbus Tech Inc,LSE,USD,Utilities,IL
NHV,Gamma AI Ltd,NASDAQ,USD,Industrial,IL
MJYL,Quantum Capital Inc,NYSE,EUR,Consumer,IL
CGR,Quantum Systems PLC,TASE,EUR,Utilities,NL
CRHS,Apex Energy Inc,NYSE,ILS,Financials,IL
SND,Vertex Brands Corp,NYSE,GBP,Healthcare,IL
VFKM,Prime Logistics PLC,NYSE,EUR,Financials,UK
ZHSM,Beta Media Ltd,NYSE,USD,Healthcare,US
PDTOU,Nimbus Media Inc,LSE,ILS,Utilities,DE
OOX,Quantum Media AG,NASDAQ,USD,Technology,US
LJJEF,Beta Media Inc,FWB,ILS,Industrial,IL
WLN,Beta Logistics Ltd,NYSE,USD,Utilities,UK
OMWIY,Alpha AI Corp,TASE,ILS,Telecom,FR
UPV,Alpha Pharma Corp,NYSE,ILS,Financials,UK
ANHZ,Nimbus Energy Corp,TASE,ILS,Consumer,IL
TTLY,Vertex Brands Ltd,LSE,USD,Consumer,UK
CCD,Apex Systems Inc,TASE,USD,Energy,UK
OIC,Delta Media AG,FWB,ILS,Healthcare,IL
ZPDCR,Vertex Quantum Corp,NASDAQ,EUR,Financials,NL
MGJ,Quantum Systems Ltd,TASE,GBP,Energy,UK
OML,Beta Pharma PLC,TASE,GBP,Financials,DE
TEDO,Alpha Systems AG,NASDAQ,GBP,Telecom,DE
EZGC,Omega AI Corp,FWB,USD,Healthcare,UK
CJO,Apex Pharma Inc,NYSE,USD,Utilities,NL
QTSFL,Gamma Media PLC,TASE,EUR,Utilities,FR
HXWQP,Prime Pharma AG,NASDAQ,GBP,Consumer,IL
OER,Nimbus Brands PLC,LSE,GBP,Utilities,DE
KEFPW,Beta Logistics PLC,NASDAQ,ILS,Utilities,FR
RHI,Quantum Brands AG,LSE,USD,Telecom,UK
CLRJD,Beta Logistics Inc,FWB,GBP,Technology,FR
YENP,Nimbus Pharma Ltd,NYSE,EUR,Consumer,US
USRM,Quantum Quantum Corp,NASDAQ,EUR,Energy,DE
VNH,Gamma Media Inc,TASE,GBP,Industrial,UK
MOSWO,Vertex Tech Corp,FWB,USD,Technology,IL
KSBR,Prime Quantum Ltd,NASDAQ,EUR,Energy,NL
SBJ,Vertex Capital Corp,TASE,ILS,Healthcare,UK
NLUC,Gamma Capital Inc,NASDAQ,EUR,Technology,IL
OBNT,Prime Quantum Corp,LSE,USD,Telecom,NL
DWBKS,Apex AI Ltd,NASDAQ,USD,Energy,NL
KOKF,Prime Quantum PLC,NASDAQ,USD,Healthcare,UK
TMP,Omega Logistics AG,NASDAQ,GBP,Consumer,FR
VQPD,Prime Capital PLC,TASE,USD,Consumer,FR
BTSV,Apex Systems Ltd,NYSE,USD,Utilities,IL
ISI,Quantum Logistics Inc,NASDAQ,USD,Telecom,UK
NLZBM,Alpha Brands AG,FWB,EUR,Industrial,DE
NHV,Gamma AI Ltd,NASDAQ,USD,Industrial,IL
